customer_id,total_purchases,avg_cart_value,total_time_spent,product_click,discount_counts,cluster,customer_segment
CM00000,7.0,129.34,52.17,18.0,0.0,0,Bargain Hunter
CM00001,22.0,24.18,9.19,15.0,7.0,2,Window Shopper
CM00002,2.0,32.18,90.69,50.0,2.0,1,High Spender
CM00003,25.0,26.85,11.22,16.0,10.0,2,Window Shopper
CM00004,7.0,125.45,34.19,30.0,3.0,0,Bargain Hunter
CM00005,12.0,199.56,43.39,20.0,3.0,0,Bargain Hunter
CM00006,23.0,43.48,13.11,12.0,10.0,2,Window Shopper
CM00007,27.0,46.58,7.2,14.0,7.0,2,Window Shopper
CM00008,9.0,35.1,9.24,25.0,8.0,2,Window Shopper
CM00009,30.0,40.69,16.34,21.0,8.0,2,Window Shopper
CM00010,5.0,62.6,77.2,49.0,2.0,1,High Spender
CM00011,6.0,60.77,78.66,53.0,4.0,1,High Spender
CM00012,13.0,105.96,40.82,21.0,6.0,0,Bargain Hunter
CM00013,21.0,26.34,14.85,14.0,7.0,2,Window Shopper
CM00014,13.0,100.0,28.4,20.0,2.0,0,Bargain Hunter
CM00015,15.0,101.29,51.21,21.0,2.0,0,Bargain Hunter
CM00016,28.0,21.48,5.64,9.0,5.0,2,Window Shopper
CM00017,15.0,48.23,5.76,19.0,11.0,2,Window Shopper
CM00018,9.0,167.25,42.02,23.0,2.0,0,Bargain Hunter
CM00019,24.0,42.0,22.01,17.0,9.0,2,Window Shopper
CM00020,4.0,37.21,97.61,50.0,3.0,1,High Spender
CM00021,25.0,23.37,25.43,10.0,9.0,2,Window Shopper
CM00022,22.0,20.49,13.49,16.0,6.0,2,Window Shopper
CM00023,5.0,53.25,118.66,43.0,0.0,1,High Spender
CM00024,6.0,55.45,85.37,46.0,0.0,1,High Spender
CM00025,9.0,167.57,50.32,21.0,2.0,0,Bargain Hunter
CM00026,6.0,29.86,65.17,54.0,0.0,1,High Spender
CM00027,5.0,196.93,51.28,22.0,3.0,0,Bargain Hunter
CM00028,3.0,71.22,76.43,54.0,2.0,1,High Spender
CM00029,9.0,180.97,41.96,13.0,4.0,0,Bargain Hunter
CM00030,7.0,177.98,42.14,23.0,1.0,0,Bargain Hunter
CM00031,10.0,159.86,51.02,17.0,0.0,0,Bargain Hunter
CM00032,17.0,13.66,22.08,11.0,9.0,2,Window Shopper
CM00033,13.0,145.42,36.43,13.0,2.0,0,Bargain Hunter
CM00034,3.0,54.62,89.83,51.0,1.0,1,High Spender
CM00035,22.0,46.98,26.84,17.0,9.0,2,Window Shopper
CM00036,12.0,117.71,47.02,9.0,3.0,0,Bargain Hunter
CM00037,7.0,73.25,115.03,63.0,0.0,1,High Spender
CM00038,12.0,187.29,52.41,20.0,3.0,0,Bargain Hunter
CM00039,24.0,29.22,23.46,21.0,11.0,2,Window Shopper
CM00040,16.0,45.23,10.94,12.0,12.0,2,Window Shopper
CM00041,6.0,55.15,60.26,49.0,1.0,1,High Spender
CM00042,5.0,38.11,99.57,54.0,0.0,1,High Spender
CM00043,29.0,11.88,14.92,14.0,9.0,2,Window Shopper
CM00044,22.0,11.48,20.79,16.0,16.0,2,Window Shopper
CM00045,22.0,18.26,29.67,18.0,10.0,2,Window Shopper
CM00046,6.0,119.62,42.21,21.0,1.0,0,Bargain Hunter
CM00047,16.0,158.27,57.66,16.0,5.0,0,Bargain Hunter
CM00048,6.0,49.86,80.43,58.0,2.0,1,High Spender
CM00049,18.0,16.87,17.0,13.0,9.0,2,Window Shopper
CM00050,8.0,37.37,87.37,37.0,1.0,1,High Spender
CM00051,12.0,197.09,30.09,20.0,5.0,0,Bargain Hunter
CM00052,4.0,51.23,73.65,58.0,0.0,1,High Spender
CM00053,19.0,13.42,10.33,11.0,10.0,2,Window Shopper
CM00054,4.0,45.09,115.76,45.0,0.0,1,High Spender
CM00055,20.0,21.73,15.23,13.0,10.0,2,Window Shopper
CM00056,8.0,102.57,27.23,30.0,1.0,0,Bargain Hunter
CM00057,27.0,37.52,28.18,23.0,5.0,2,Window Shopper
CM00058,4.0,65.22,94.53,51.0,1.0,1,High Spender
CM00059,6.0,73.75,113.7,58.0,0.0,1,High Spender
CM00060,2.0,36.53,93.26,50.0,0.0,1,High Spender
CM00061,8.0,173.02,49.99,9.0,3.0,0,Bargain Hunter
CM00062,22.0,45.44,17.87,14.0,5.0,2,Window Shopper
CM00063,4.0,144.3,27.95,17.0,1.0,0,Bargain Hunter
CM00064,7.0,35.9,79.72,61.0,0.0,1,High Spender
CM00065,24.0,44.96,22.56,14.0,11.0,2,Window Shopper
CM00066,17.0,26.35,22.08,16.0,9.0,2,Window Shopper
CM00067,18.0,37.9,14.16,9.0,9.0,2,Window Shopper
CM00068,25.0,43.4,5.29,10.0,10.0,2,Window Shopper
CM00069,4.0,30.41,83.94,45.0,1.0,1,High Spender
CM00070,25.0,27.63,29.34,18.0,8.0,2,Window Shopper
CM00071,15.0,28.13,6.14,19.0,11.0,2,Window Shopper
CM00072,14.0,42.63,16.09,14.0,12.0,2,Window Shopper
CM00073,25.0,41.98,10.48,18.0,6.0,2,Window Shopper
CM00074,8.0,154.89,44.4,18.0,1.0,0,Bargain Hunter
CM00075,16.0,108.61,44.17,20.0,2.0,0,Bargain Hunter
CM00076,6.0,70.91,98.69,50.0,1.0,1,High Spender
CM00077,8.0,43.91,107.52,56.0,1.0,1,High Spender
CM00078,3.0,64.42,69.85,43.0,0.0,1,High Spender
CM00079,9.0,142.64,22.91,20.0,1.0,0,Bargain Hunter
CM00080,9.0,106.2,50.08,19.0,2.0,0,Bargain Hunter
CM00081,7.0,107.12,40.51,16.0,1.0,0,Bargain Hunter
CM00082,10.0,194.59,36.11,22.0,3.0,0,Bargain Hunter
CM00083,5.0,61.2,79.37,50.0,3.0,1,High Spender
CM00084,12.0,109.66,31.53,15.0,1.0,0,Bargain Hunter
CM00085,18.0,19.81,10.0,5.0,17.0,2,Window Shopper
CM00086,10.0,143.28,32.48,15.0,1.0,0,Bargain Hunter
CM00087,25.0,29.58,26.71,24.0,10.0,2,Window Shopper
CM00088,25.0,25.33,5.83,17.0,9.0,2,Window Shopper
CM00089,21.0,33.72,25.95,17.0,12.0,2,Window Shopper
CM00090,10.0,52.48,93.93,41.0,0.0,1,High Spender
CM00091,3.0,59.02,84.11,32.0,4.0,1,High Spender
CM00092,8.0,151.63,39.02,19.0,1.0,0,Bargain Hunter
CM00093,18.0,44.74,8.13,11.0,12.0,2,Window Shopper
CM00094,19.0,38.33,5.14,16.0,12.0,2,Window Shopper
CM00095,4.0,20.57,69.45,59.0,1.0,1,High Spender
CM00096,22.0,48.01,22.98,12.0,12.0,2,Window Shopper
CM00097,,,117.04,,0.0,1,High Spender
CM00097,,,117.04,,0.0,1,High Spender
CM00098,14.0,194.9,44.85,13.0,2.0,0,Bargain Hunter
CM00099,19.0,16.21,8.25,11.0,12.0,2,Window Shopper
CM00100,21.0,16.65,8.32,17.0,5.0,2,Window Shopper
CM00101,2.0,44.68,68.68,47.0,0.0,1,High Spender
CM00102,15.0,14.26,21.09,13.0,8.0,2,Window Shopper
CM00103,24.0,36.72,11.86,20.0,9.0,2,Window Shopper
CM00104,14.0,188.33,37.1,26.0,1.0,0,Bargain Hunter
CM00105,19.0,162.57,34.77,15.0,1.0,0,Bargain Hunter
CM00106,4.0,30.23,89.63,47.0,2.0,1,High Spender
CM00107,11.0,124.03,36.76,19.0,0.0,0,Bargain Hunter
CM00108,5.0,26.23,80.28,42.0,1.0,1,High Spender
CM00109,28.0,20.39,19.5,12.0,13.0,2,Window Shopper
CM00110,3.0,68.64,103.49,49.0,2.0,1,High Spender
CM00111,22.0,41.18,17.89,20.0,7.0,2,Window Shopper
CM00112,21.0,13.01,18.16,14.0,8.0,2,Window Shopper
CM00113,7.0,147.85,23.26,22.0,2.0,0,Bargain Hunter
CM00114,15.0,160.09,51.97,21.0,1.0,0,Bargain Hunter
CM00115,4.0,63.12,98.92,45.0,2.0,1,High Spender
CM00116,11.0,153.19,49.38,31.0,2.0,0,Bargain Hunter
CM00117,22.0,10.74,12.29,19.0,9.0,2,Window Shopper
CM00118,5.0,79.52,99.66,47.0,1.0,1,High Spender
CM00119,12.0,194.6,53.76,24.0,3.0,0,Bargain Hunter
CM00120,16.0,16.43,16.59,11.0,13.0,2,Window Shopper
CM00121,8.0,24.34,115.96,55.0,2.0,1,High Spender
CM00122,5.0,49.88,69.92,54.0,1.0,1,High Spender
CM00123,9.0,31.28,89.1,58.0,2.0,1,High Spender
CM00124,5.0,69.69,118.83,50.0,0.0,1,High Spender
CM00125,5.0,55.62,76.35,45.0,1.0,1,High Spender
CM00126,8.0,24.07,78.98,59.0,1.0,1,High Spender
CM00127,7.0,154.81,31.22,11.0,0.0,0,Bargain Hunter
CM00128,9.0,190.24,34.52,21.0,3.0,0,Bargain Hunter
CM00129,14.0,49.65,17.68,19.0,12.0,2,Window Shopper
CM00130,3.0,140.07,40.18,19.0,1.0,0,Bargain Hunter
CM00131,10.0,106.94,59.13,17.0,2.0,0,Bargain Hunter
CM00132,6.0,52.52,64.51,55.0,1.0,1,High Spender
CM00133,3.0,76.86,108.67,48.0,0.0,1,High Spender
CM00134,5.0,48.22,86.63,56.0,1.0,1,High Spender
CM00135,8.0,132.35,56.28,18.0,0.0,0,Bargain Hunter
CM00136,27.0,10.52,10.75,15.0,9.0,2,Window Shopper
CM00137,14.0,20.38,24.41,9.0,8.0,2,Window Shopper
CM00138,4.0,37.01,91.17,43.0,0.0,1,High Spender
CM00139,,,33.76,,3.0,0,Bargain Hunter
CM00139,,,33.76,,3.0,0,Bargain Hunter
CM00140,28.0,17.26,14.21,18.0,9.0,2,Window Shopper
CM00141,17.0,45.85,27.35,16.0,11.0,2,Window Shopper
CM00142,1.0,61.39,103.71,51.0,2.0,1,High Spender
CM00143,18.0,46.69,17.45,18.0,4.0,2,Window Shopper
CM00144,20.0,20.89,13.42,6.0,8.0,2,Window Shopper
CM00145,15.0,155.47,30.82,19.0,1.0,0,Bargain Hunter
CM00146,8.0,71.67,98.61,52.0,2.0,1,High Spender
CM00147,13.0,144.41,31.43,20.0,4.0,0,Bargain Hunter
CM00148,22.0,35.99,29.67,19.0,9.0,2,Window Shopper
CM00149,5.0,62.85,96.57,57.0,0.0,1,High Spender
CM00150,8.0,185.0,32.26,17.0,3.0,0,Bargain Hunter
CM00151,11.0,131.52,40.86,12.0,3.0,0,Bargain Hunter
CM00152,26.0,13.31,22.24,10.0,11.0,2,Window Shopper
CM00153,5.0,53.37,77.48,42.0,1.0,1,High Spender
CM00154,27.0,26.86,16.83,22.0,15.0,2,Window Shopper
CM00155,27.0,37.9,23.13,16.0,18.0,2,Window Shopper
CM00156,4.0,43.59,105.33,39.0,0.0,1,High Spender
CM00157,10.0,135.47,28.27,16.0,3.0,0,Bargain Hunter
CM00158,20.0,47.79,8.05,19.0,12.0,2,Window Shopper
CM00159,8.0,166.65,25.53,12.0,2.0,0,Bargain Hunter
CM00160,5.0,60.09,99.45,51.0,0.0,1,High Spender
CM00161,13.0,181.37,51.34,23.0,0.0,0,Bargain Hunter
CM00162,6.0,39.65,85.98,43.0,0.0,1,High Spender
CM00163,3.0,46.89,114.76,51.0,0.0,1,High Spender
CM00164,5.0,65.82,76.11,44.0,1.0,1,High Spender
CM00165,10.0,109.8,22.19,20.0,1.0,0,Bargain Hunter
CM00166,12.0,106.14,27.95,16.0,1.0,0,Bargain Hunter
CM00167,4.0,72.83,80.42,49.0,2.0,1,High Spender
CM00168,18.0,44.87,14.33,15.0,9.0,2,Window Shopper
CM00169,7.0,158.56,23.51,20.0,3.0,0,Bargain Hunter
CM00170,15.0,137.78,50.63,17.0,4.0,0,Bargain Hunter
CM00171,21.0,30.98,26.79,13.0,6.0,2,Window Shopper
CM00172,30.0,29.82,7.04,10.0,10.0,2,Window Shopper
CM00173,7.0,172.89,38.87,32.0,5.0,0,Bargain Hunter
CM00174,15.0,18.81,29.43,9.0,21.0,2,Window Shopper
CM00175,8.0,141.08,21.56,23.0,0.0,0,Bargain Hunter
CM00176,21.0,32.63,25.2,17.0,7.0,2,Window Shopper
CM00177,13.0,164.82,30.77,18.0,3.0,0,Bargain Hunter
CM00178,5.0,33.67,101.79,33.0,1.0,1,High Spender
CM00179,16.0,20.68,24.06,20.0,8.0,2,Window Shopper
CM00180,3.0,33.29,90.84,43.0,0.0,1,High Spender
CM00181,28.0,13.48,21.47,29.0,17.0,2,Window Shopper
CM00182,21.0,18.88,9.09,16.0,9.0,2,Window Shopper
CM00183,4.0,59.32,70.28,43.0,1.0,1,High Spender
CM00184,27.0,47.71,8.71,10.0,9.0,2,Window Shopper
CM00185,17.0,26.38,8.28,16.0,13.0,2,Window Shopper
CM00186,14.0,16.25,11.84,18.0,15.0,2,Window Shopper
CM00187,3.0,50.27,104.14,56.0,2.0,1,High Spender
CM00188,7.0,176.65,40.0,24.0,2.0,0,Bargain Hunter
CM00189,13.0,140.54,48.7,12.0,2.0,0,Bargain Hunter
CM00190,8.0,161.36,38.34,12.0,3.0,0,Bargain Hunter
CM00191,15.0,34.02,5.24,10.0,3.0,2,Window Shopper
CM00192,18.0,23.67,9.89,9.0,6.0,2,Window Shopper
CM00193,14.0,164.18,27.6,28.0,3.0,0,Bargain Hunter
CM00194,5.0,72.58,73.91,53.0,1.0,1,High Spender
CM00195,5.0,144.26,24.5,17.0,3.0,0,Bargain Hunter
CM00196,27.0,41.45,6.43,12.0,13.0,2,Window Shopper
CM00197,23.0,41.02,20.52,12.0,8.0,2,Window Shopper
CM00198,29.0,37.12,21.69,16.0,12.0,2,Window Shopper
CM00199,13.0,123.37,20.55,20.0,3.0,0,Bargain Hunter
CM00200,18.0,47.01,29.69,17.0,4.0,2,Window Shopper
CM00201,8.0,77.02,74.75,46.0,0.0,1,High Spender
CM00202,5.0,171.21,49.69,18.0,3.0,0,Bargain Hunter
CM00203,18.0,13.08,27.73,19.0,9.0,2,Window Shopper
CM00204,3.0,39.74,114.54,47.0,1.0,1,High Spender
CM00205,10.0,125.23,26.15,21.0,4.0,0,Bargain Hunter
CM00206,12.0,109.44,39.35,21.0,0.0,0,Bargain Hunter
CM00207,3.0,22.14,90.9,51.0,1.0,1,High Spender
CM00208,8.0,158.66,33.15,19.0,0.0,0,Bargain Hunter
CM00209,7.0,150.0,37.19,15.0,1.0,0,Bargain Hunter
CM00210,3.0,48.25,68.04,60.0,1.0,1,High Spender
CM00211,10.0,128.03,53.15,21.0,4.0,0,Bargain Hunter
CM00212,,,42.7,,0.0,0,Bargain Hunter
CM00212,,,42.7,,0.0,0,Bargain Hunter
CM00213,11.0,184.22,49.69,14.0,2.0,0,Bargain Hunter
CM00214,5.0,23.24,107.05,55.0,0.0,1,High Spender
CM00215,18.0,21.88,5.79,13.0,9.0,2,Window Shopper
CM00216,12.0,120.23,43.81,23.0,2.0,0,Bargain Hunter
CM00217,9.0,104.03,22.15,11.0,4.0,0,Bargain Hunter
CM00218,15.0,34.31,29.13,10.0,14.0,2,Window Shopper
CM00219,3.0,74.57,96.94,64.0,3.0,1,High Spender
CM00220,11.0,160.44,37.63,22.0,1.0,0,Bargain Hunter
CM00221,4.0,36.2,72.94,55.0,2.0,1,High Spender
CM00222,9.0,135.66,21.01,24.0,2.0,0,Bargain Hunter
CM00223,8.0,27.63,67.57,38.0,2.0,1,High Spender
CM00224,12.0,50.69,111.24,43.0,0.0,1,High Spender
CM00225,10.0,163.24,27.85,25.0,0.0,0,Bargain Hunter
CM00226,22.0,13.66,21.47,15.0,9.0,2,Window Shopper
CM00227,23.0,35.3,5.19,14.0,7.0,2,Window Shopper
CM00228,16.0,33.29,17.15,21.0,9.0,2,Window Shopper
CM00229,21.0,41.19,24.12,16.0,16.0,2,Window Shopper
CM00230,23.0,31.58,17.31,11.0,11.0,2,Window Shopper
CM00231,12.0,107.93,57.8,26.0,3.0,0,Bargain Hunter
CM00232,16.0,18.82,26.7,26.0,6.0,2,Window Shopper
CM00233,6.0,131.58,25.53,17.0,2.0,0,Bargain Hunter
CM00234,5.0,175.35,43.88,15.0,3.0,0,Bargain Hunter
CM00235,15.0,195.79,25.57,23.0,4.0,0,Bargain Hunter
CM00236,18.0,44.95,17.99,22.0,13.0,2,Window Shopper
CM00237,15.0,159.35,26.35,15.0,2.0,0,Bargain Hunter
CM00238,7.0,54.4,81.83,41.0,1.0,1,High Spender
CM00239,7.0,27.37,117.7,42.0,0.0,1,High Spender
CM00240,12.0,105.46,46.84,19.0,3.0,0,Bargain Hunter
CM00241,4.0,195.46,50.05,24.0,3.0,0,Bargain Hunter
CM00242,2.0,28.16,97.8,63.0,1.0,1,High Spender
CM00243,6.0,43.49,98.28,51.0,2.0,1,High Spender
CM00244,20.0,17.46,16.37,17.0,8.0,2,Window Shopper
CM00245,4.0,35.83,82.92,46.0,1.0,1,High Spender
CM00246,3.0,58.11,111.66,52.0,1.0,1,High Spender
CM00247,11.0,163.78,45.98,23.0,0.0,0,Bargain Hunter
CM00248,17.0,22.75,26.77,10.0,11.0,2,Window Shopper
CM00249,27.0,46.0,20.45,9.0,8.0,2,Window Shopper
CM00250,5.0,187.8,59.83,21.0,2.0,0,Bargain Hunter
CM00251,7.0,167.64,36.63,24.0,1.0,0,Bargain Hunter
CM00252,11.0,133.14,29.56,27.0,0.0,0,Bargain Hunter
CM00253,,,21.28,,12.0,2,Window Shopper
CM00253,,,21.28,,12.0,2,Window Shopper
CM00254,7.0,47.47,22.73,12.0,7.0,2,Window Shopper
CM00255,20.0,33.61,26.12,18.0,10.0,2,Window Shopper
CM00256,3.0,49.74,62.45,41.0,0.0,1,High Spender
CM00257,2.0,63.47,73.21,51.0,2.0,1,High Spender
CM00258,13.0,10.44,8.56,15.0,6.0,2,Window Shopper
CM00259,23.0,34.13,25.01,15.0,12.0,2,Window Shopper
CM00260,11.0,43.78,27.81,14.0,12.0,2,Window Shopper
CM00261,4.0,76.83,86.16,66.0,1.0,1,High Spender
CM00262,2.0,29.35,72.22,63.0,1.0,1,High Spender
CM00263,8.0,111.82,42.81,26.0,4.0,0,Bargain Hunter
CM00264,24.0,37.85,9.49,16.0,10.0,2,Window Shopper
CM00265,13.0,183.15,36.74,18.0,2.0,0,Bargain Hunter
CM00266,27.0,24.03,29.25,4.0,11.0,2,Window Shopper
CM00267,10.0,158.45,32.14,19.0,5.0,0,Bargain Hunter
CM00268,18.0,31.65,28.89,12.0,7.0,2,Window Shopper
CM00269,14.0,18.6,22.85,16.0,7.0,2,Window Shopper
CM00270,3.0,60.45,115.48,47.0,1.0,1,High Spender
CM00271,9.0,152.55,54.66,9.0,3.0,0,Bargain Hunter
CM00272,7.0,55.13,62.33,37.0,1.0,1,High Spender
CM00273,23.0,34.68,13.53,9.0,8.0,2,Window Shopper
CM00274,11.0,163.37,25.32,18.0,2.0,0,Bargain Hunter
CM00275,18.0,36.88,22.34,16.0,9.0,2,Window Shopper
CM00276,9.0,112.43,49.68,20.0,1.0,0,Bargain Hunter
CM00277,6.0,55.37,80.89,48.0,2.0,1,High Spender
CM00278,16.0,110.34,43.02,14.0,0.0,0,Bargain Hunter
CM00279,13.0,195.05,27.57,31.0,2.0,0,Bargain Hunter
CM00280,6.0,44.64,117.6,52.0,2.0,1,High Spender
CM00281,7.0,66.88,90.34,37.0,3.0,1,High Spender
CM00282,6.0,69.7,87.26,47.0,1.0,1,High Spender
CM00283,12.0,190.03,47.68,15.0,1.0,0,Bargain Hunter
CM00284,2.0,62.42,115.92,48.0,2.0,1,High Spender
CM00285,11.0,182.05,55.46,21.0,2.0,0,Bargain Hunter
CM00286,10.0,195.98,56.83,21.0,1.0,0,Bargain Hunter
CM00287,1.0,31.79,79.76,44.0,2.0,1,High Spender
CM00288,21.0,33.9,18.99,9.0,12.0,2,Window Shopper
CM00289,20.0,105.12,36.89,24.0,4.0,0,Bargain Hunter
CM00290,7.0,172.21,26.75,17.0,6.0,0,Bargain Hunter
CM00291,5.0,38.53,88.54,45.0,0.0,1,High Spender
CM00292,7.0,52.25,63.87,51.0,0.0,1,High Spender
CM00293,7.0,25.46,108.63,46.0,1.0,1,High Spender
CM00294,,,47.8,,2.0,0,Bargain Hunter
CM00294,,,47.8,,2.0,0,Bargain Hunter
CM00295,9.0,164.1,48.81,25.0,4.0,0,Bargain Hunter
CM00296,9.0,117.46,34.0,17.0,3.0,0,Bargain Hunter
CM00297,10.0,27.45,28.02,16.0,13.0,2,Window Shopper
CM00298,11.0,121.79,47.02,18.0,1.0,0,Bargain Hunter
CM00299,13.0,138.21,24.42,17.0,4.0,0,Bargain Hunter
CM00300,2.0,72.91,79.32,38.0,3.0,1,High Spender
CM00301,2.0,77.77,85.53,57.0,1.0,1,High Spender
CM00302,26.0,20.89,20.0,17.0,7.0,2,Window Shopper
CM00303,7.0,77.5,94.62,48.0,0.0,1,High Spender
CM00304,7.0,51.39,112.33,53.0,1.0,1,High Spender
CM00305,11.0,140.15,35.07,19.0,1.0,0,Bargain Hunter
CM00306,16.0,15.6,7.93,8.0,12.0,2,Window Shopper
CM00307,5.0,60.28,90.79,52.0,1.0,1,High Spender
CM00308,16.0,158.17,58.25,18.0,4.0,0,Bargain Hunter
CM00309,2.0,50.99,105.8,57.0,2.0,1,High Spender
CM00310,,,82.11,,0.0,1,High Spender
CM00310,,,82.11,,0.0,1,High Spender
CM00311,5.0,61.21,87.03,45.0,1.0,1,High Spender
CM00312,23.0,49.51,23.57,13.0,6.0,2,Window Shopper
CM00313,6.0,105.7,28.56,19.0,4.0,0,Bargain Hunter
CM00314,3.0,68.54,94.28,55.0,0.0,1,High Spender
CM00315,12.0,27.84,10.71,17.0,16.0,2,Window Shopper
CM00316,2.0,48.85,93.13,48.0,2.0,1,High Spender
CM00317,,,55.19,,0.0,0,Bargain Hunter
CM00317,,,55.19,,0.0,0,Bargain Hunter
CM00318,6.0,74.66,78.21,51.0,2.0,1,High Spender
CM00319,4.0,44.77,60.68,47.0,0.0,1,High Spender
CM00320,14.0,14.1,27.45,18.0,12.0,2,Window Shopper
CM00321,4.0,34.24,66.45,48.0,0.0,1,High Spender
CM00322,5.0,63.41,118.56,64.0,1.0,1,High Spender
CM00323,24.0,29.85,27.37,16.0,12.0,2,Window Shopper
CM00324,17.0,32.39,23.74,11.0,12.0,2,Window Shopper
CM00325,5.0,43.31,111.55,42.0,1.0,1,High Spender
CM00326,23.0,31.67,11.72,13.0,5.0,2,Window Shopper
CM00327,5.0,32.21,75.13,55.0,0.0,1,High Spender
CM00328,11.0,12.61,9.52,12.0,13.0,2,Window Shopper
CM00329,17.0,10.85,29.24,7.0,9.0,2,Window Shopper
CM00330,7.0,141.48,45.81,20.0,2.0,0,Bargain Hunter
CM00331,6.0,154.13,28.79,20.0,1.0,0,Bargain Hunter
CM00332,19.0,29.04,6.3,11.0,9.0,2,Window Shopper
CM00333,6.0,75.14,116.6,57.0,2.0,1,High Spender
CM00334,3.0,74.88,79.18,46.0,0.0,1,High Spender
CM00335,7.0,37.35,104.18,47.0,0.0,1,High Spender
CM00336,16.0,15.15,20.09,15.0,9.0,2,Window Shopper
CM00337,4.0,22.95,61.91,39.0,0.0,1,High Spender
CM00338,24.0,18.95,9.43,13.0,4.0,2,Window Shopper
CM00339,11.0,148.96,35.67,35.0,2.0,0,Bargain Hunter
CM00340,5.0,38.8,78.9,54.0,5.0,1,High Spender
CM00341,6.0,46.93,109.08,48.0,2.0,1,High Spender
CM00342,6.0,44.89,97.04,51.0,0.0,1,High Spender
CM00343,21.0,11.08,16.28,16.0,8.0,2,Window Shopper
CM00344,21.0,20.62,20.45,12.0,8.0,2,Window Shopper
CM00345,7.0,195.67,54.46,19.0,1.0,0,Bargain Hunter
CM00346,3.0,151.17,27.83,17.0,1.0,0,Bargain Hunter
CM00347,9.0,108.99,27.24,18.0,4.0,0,Bargain Hunter
CM00348,9.0,141.41,35.72,23.0,1.0,0,Bargain Hunter
CM00349,18.0,14.82,22.9,9.0,12.0,2,Window Shopper
CM00350,30.0,19.55,22.67,11.0,8.0,2,Window Shopper
CM00351,8.0,130.57,23.66,21.0,0.0,0,Bargain Hunter
CM00352,4.0,36.46,106.83,51.0,1.0,1,High Spender
CM00353,,,45.26,,1.0,0,Bargain Hunter
CM00353,,,45.26,,1.0,0,Bargain Hunter
CM00354,3.0,63.22,109.23,64.0,2.0,1,High Spender
CM00355,5.0,68.49,75.21,53.0,1.0,1,High Spender
CM00356,1.0,44.21,102.59,43.0,0.0,1,High Spender
CM00357,16.0,198.25,40.44,17.0,3.0,0,Bargain Hunter
CM00358,5.0,71.94,73.7,44.0,0.0,1,High Spender
CM00359,22.0,28.7,16.3,11.0,15.0,2,Window Shopper
CM00360,14.0,37.19,10.15,11.0,17.0,2,Window Shopper
CM00361,7.0,193.47,59.06,21.0,2.0,0,Bargain Hunter
CM00362,17.0,44.05,24.56,18.0,7.0,2,Window Shopper
CM00363,5.0,65.77,91.62,43.0,0.0,1,High Spender
CM00364,6.0,52.02,82.02,40.0,2.0,1,High Spender
CM00365,18.0,18.73,7.8,10.0,8.0,2,Window Shopper
CM00366,19.0,191.73,49.23,17.0,0.0,0,Bargain Hunter
CM00367,6.0,182.01,46.76,20.0,2.0,0,Bargain Hunter
CM00368,6.0,51.14,66.87,44.0,1.0,1,High Spender
CM00369,11.0,178.35,54.34,19.0,1.0,0,Bargain Hunter
CM00370,15.0,48.76,8.49,11.0,12.0,2,Window Shopper
CM00371,22.0,11.02,16.15,13.0,9.0,2,Window Shopper
CM00372,12.0,157.16,34.29,19.0,3.0,0,Bargain Hunter
CM00373,4.0,35.12,87.86,56.0,1.0,1,High Spender
CM00374,13.0,133.54,37.77,27.0,3.0,0,Bargain Hunter
CM00375,22.0,39.13,23.29,23.0,6.0,2,Window Shopper
CM00376,7.0,59.53,96.17,51.0,0.0,1,High Spender
CM00377,10.0,159.57,52.1,17.0,3.0,0,Bargain Hunter
CM00378,5.0,56.39,95.79,43.0,1.0,1,High Spender
CM00379,14.0,157.69,28.99,15.0,2.0,0,Bargain Hunter
CM00380,15.0,42.26,22.01,16.0,11.0,2,Window Shopper
CM00381,20.0,33.7,26.96,8.0,11.0,2,Window Shopper
CM00382,14.0,25.89,14.94,12.0,10.0,2,Window Shopper
CM00383,12.0,176.37,55.2,21.0,3.0,0,Bargain Hunter
CM00384,17.0,48.84,27.52,12.0,16.0,2,Window Shopper
CM00385,15.0,134.27,34.22,18.0,0.0,0,Bargain Hunter
CM00386,7.0,74.43,95.62,47.0,0.0,1,High Spender
CM00387,7.0,113.46,46.77,17.0,1.0,0,Bargain Hunter
CM00388,8.0,100.42,29.31,17.0,3.0,0,Bargain Hunter
CM00389,10.0,111.51,32.49,19.0,2.0,0,Bargain Hunter
CM00390,8.0,45.1,100.06,50.0,1.0,1,High Spender
CM00391,5.0,158.56,36.01,21.0,1.0,0,Bargain Hunter
CM00392,23.0,19.2,8.29,17.0,8.0,2,Window Shopper
CM00393,13.0,118.53,36.75,17.0,0.0,0,Bargain Hunter
CM00394,9.0,150.03,36.39,26.0,3.0,0,Bargain Hunter
CM00395,13.0,42.38,22.24,9.0,7.0,2,Window Shopper
CM00396,5.0,71.47,79.55,50.0,0.0,1,High Spender
CM00397,6.0,44.34,101.89,50.0,0.0,1,High Spender
CM00398,5.0,69.63,64.78,59.0,0.0,1,High Spender
CM00399,20.0,48.52,5.46,16.0,9.0,2,Window Shopper
CM00400,7.0,78.92,61.83,37.0,1.0,1,High Spender
CM00401,9.0,169.78,22.38,18.0,2.0,0,Bargain Hunter
CM00402,8.0,168.93,20.81,20.0,2.0,0,Bargain Hunter
CM00403,16.0,18.32,5.78,11.0,11.0,2,Window Shopper
CM00404,6.0,112.83,20.9,18.0,3.0,0,Bargain Hunter
CM00405,5.0,24.8,113.2,57.0,0.0,1,High Spender
CM00406,10.0,133.93,58.63,22.0,2.0,0,Bargain Hunter
CM00407,5.0,55.17,92.65,47.0,2.0,1,High Spender
CM00408,11.0,183.91,36.76,18.0,5.0,0,Bargain Hunter
CM00409,,,22.95,,10.0,2,Window Shopper
CM00409,,,22.95,,10.0,2,Window Shopper
CM00410,32.0,20.72,24.03,12.0,11.0,2,Window Shopper
CM00411,18.0,43.16,20.57,9.0,10.0,2,Window Shopper
CM00412,21.0,19.32,19.82,16.0,2.0,2,Window Shopper
CM00413,24.0,28.97,11.92,7.0,10.0,2,Window Shopper
CM00414,13.0,163.15,57.68,18.0,4.0,0,Bargain Hunter
CM00415,6.0,59.5,91.06,34.0,3.0,1,High Spender
CM00416,15.0,45.15,24.95,15.0,4.0,2,Window Shopper
CM00417,11.0,130.78,55.45,20.0,4.0,0,Bargain Hunter
CM00418,9.0,59.55,65.69,54.0,2.0,1,High Spender
CM00419,7.0,117.72,54.92,14.0,1.0,0,Bargain Hunter
CM00420,13.0,138.32,55.17,25.0,1.0,0,Bargain Hunter
CM00421,4.0,40.87,83.62,54.0,0.0,1,High Spender
CM00422,21.0,20.83,17.22,24.0,9.0,2,Window Shopper
CM00423,9.0,77.47,118.79,55.0,0.0,1,High Spender
CM00424,14.0,23.91,13.18,20.0,7.0,2,Window Shopper
CM00425,,,28.41,,7.0,2,Window Shopper
CM00425,,,28.41,,7.0,2,Window Shopper
CM00426,10.0,116.19,25.23,20.0,2.0,0,Bargain Hunter
CM00427,11.0,104.41,28.17,16.0,8.0,0,Bargain Hunter
CM00428,22.0,27.01,17.29,14.0,12.0,2,Window Shopper
CM00429,13.0,45.78,15.76,16.0,13.0,2,Window Shopper
CM00430,5.0,70.84,109.68,56.0,0.0,1,High Spender
CM00431,13.0,37.69,5.77,16.0,9.0,2,Window Shopper
CM00432,8.0,44.48,83.36,44.0,1.0,1,High Spender
CM00433,3.0,21.18,102.13,56.0,4.0,1,High Spender
CM00434,19.0,143.99,48.38,21.0,4.0,0,Bargain Hunter
CM00435,27.0,21.78,20.42,22.0,7.0,2,Window Shopper
CM00436,6.0,144.18,30.0,21.0,1.0,0,Bargain Hunter
CM00437,5.0,35.76,110.77,56.0,1.0,1,High Spender
CM00438,16.0,47.28,21.19,10.0,6.0,2,Window Shopper
CM00439,10.0,42.76,26.79,19.0,6.0,2,Window Shopper
CM00440,20.0,34.97,20.66,9.0,8.0,2,Window Shopper
CM00441,8.0,102.79,39.0,21.0,2.0,0,Bargain Hunter
CM00442,21.0,18.98,26.7,17.0,8.0,2,Window Shopper
CM00443,6.0,159.94,54.64,19.0,3.0,0,Bargain Hunter
CM00444,6.0,127.2,25.41,17.0,3.0,0,Bargain Hunter
CM00445,20.0,37.79,29.4,11.0,13.0,2,Window Shopper
CM00446,14.0,49.51,25.14,17.0,11.0,2,Window Shopper
CM00447,10.0,135.31,47.17,23.0,3.0,0,Bargain Hunter
CM00448,14.0,18.85,23.18,13.0,12.0,2,Window Shopper
CM00449,16.0,42.7,9.64,15.0,6.0,2,Window Shopper
CM00450,3.0,33.38,112.29,60.0,1.0,1,High Spender
CM00451,2.0,79.59,111.84,55.0,3.0,1,High Spender
CM00452,8.0,156.39,35.97,27.0,0.0,0,Bargain Hunter
CM00453,26.0,13.98,8.78,12.0,8.0,2,Window Shopper
CM00454,13.0,31.48,22.32,17.0,5.0,2,Window Shopper
CM00455,5.0,21.14,107.88,44.0,2.0,1,High Spender
CM00456,5.0,23.6,94.69,56.0,1.0,1,High Spender
CM00457,15.0,32.03,10.39,15.0,8.0,2,Window Shopper
CM00458,7.0,191.13,30.25,18.0,2.0,0,Bargain Hunter
CM00459,4.0,25.47,105.29,39.0,0.0,1,High Spender
CM00460,5.0,37.05,106.49,32.0,2.0,1,High Spender
CM00461,7.0,28.58,87.66,43.0,2.0,1,High Spender
CM00462,7.0,105.04,54.97,27.0,1.0,0,Bargain Hunter
CM00463,13.0,182.84,46.49,13.0,4.0,0,Bargain Hunter
CM00464,8.0,104.87,33.8,21.0,4.0,0,Bargain Hunter
CM00465,11.0,155.65,29.24,21.0,1.0,0,Bargain Hunter
CM00466,9.0,114.35,40.42,17.0,2.0,0,Bargain Hunter
CM00467,13.0,36.35,6.8,13.0,13.0,2,Window Shopper
CM00468,7.0,27.41,88.19,49.0,0.0,1,High Spender
CM00469,2.0,45.91,104.45,51.0,1.0,1,High Spender
CM00470,22.0,20.75,19.55,25.0,14.0,2,Window Shopper
CM00471,17.0,15.48,17.47,25.0,8.0,2,Window Shopper
CM00472,26.0,38.76,22.66,13.0,17.0,2,Window Shopper
CM00473,4.0,21.74,103.25,51.0,1.0,1,High Spender
CM00474,10.0,192.89,29.48,26.0,3.0,0,Bargain Hunter
CM00475,6.0,58.42,83.4,46.0,0.0,1,High Spender
CM00476,20.0,46.62,19.47,16.0,9.0,2,Window Shopper
CM00477,19.0,44.99,11.45,12.0,10.0,2,Window Shopper
CM00478,3.0,58.89,101.38,42.0,1.0,1,High Spender
CM00479,13.0,108.51,49.4,27.0,4.0,0,Bargain Hunter
CM00480,10.0,146.53,27.16,16.0,1.0,0,Bargain Hunter
CM00481,8.0,139.63,40.02,16.0,3.0,0,Bargain Hunter
CM00482,11.0,148.33,52.81,25.0,2.0,0,Bargain Hunter
CM00483,20.0,21.85,23.41,15.0,8.0,2,Window Shopper
CM00484,15.0,33.61,9.55,10.0,14.0,2,Window Shopper
CM00485,22.0,34.74,22.39,24.0,8.0,2,Window Shopper
CM00486,8.0,129.66,26.71,25.0,2.0,0,Bargain Hunter
CM00487,22.0,47.77,15.54,15.0,13.0,2,Window Shopper
CM00488,13.0,165.81,46.87,22.0,1.0,0,Bargain Hunter
CM00489,2.0,52.17,103.23,47.0,0.0,1,High Spender
CM00490,21.0,12.71,6.51,17.0,7.0,2,Window Shopper
CM00491,7.0,59.28,84.43,43.0,1.0,1,High Spender
CM00492,3.0,49.51,89.27,55.0,0.0,1,High Spender
CM00493,24.0,21.55,7.61,8.0,13.0,2,Window Shopper
CM00494,6.0,55.05,76.25,39.0,0.0,1,High Spender
CM00495,10.0,175.63,32.5,21.0,3.0,0,Bargain Hunter
CM00496,20.0,38.94,21.45,19.0,11.0,2,Window Shopper
CM00497,7.0,55.03,82.56,42.0,3.0,1,High Spender
CM00498,21.0,17.28,23.96,17.0,8.0,2,Window Shopper
CM00499,7.0,67.52,82.69,63.0,1.0,1,High Spender
CM00500,7.0,53.42,101.71,46.0,0.0,1,High Spender
CM00501,14.0,172.87,20.4,28.0,1.0,0,Bargain Hunter
CM00502,5.0,25.74,62.05,53.0,0.0,1,High Spender
CM00503,2.0,45.13,82.2,58.0,0.0,1,High Spender
CM00504,6.0,22.51,76.26,59.0,1.0,1,High Spender
CM00505,12.0,138.73,49.81,18.0,1.0,0,Bargain Hunter
CM00506,19.0,34.63,13.98,18.0,7.0,2,Window Shopper
CM00507,18.0,38.22,14.28,14.0,10.0,2,Window Shopper
CM00508,4.0,60.8,109.03,54.0,0.0,1,High Spender
CM00509,11.0,122.68,40.31,19.0,4.0,0,Bargain Hunter
CM00510,12.0,35.04,16.13,18.0,11.0,2,Window Shopper
CM00511,4.0,28.44,117.71,49.0,1.0,1,High Spender
CM00512,7.0,71.74,75.88,58.0,0.0,1,High Spender
CM00513,16.0,16.16,21.82,10.0,7.0,2,Window Shopper
CM00514,20.0,47.49,11.09,8.0,10.0,2,Window Shopper
CM00515,6.0,46.02,88.59,52.0,2.0,1,High Spender
CM00516,9.0,147.85,35.73,24.0,0.0,0,Bargain Hunter
CM00517,4.0,66.11,65.03,60.0,1.0,1,High Spender
CM00518,10.0,175.51,58.1,29.0,2.0,0,Bargain Hunter
CM00519,12.0,132.69,38.87,22.0,0.0,0,Bargain Hunter
CM00520,9.0,156.59,47.3,12.0,1.0,0,Bargain Hunter
CM00521,6.0,29.67,60.32,54.0,0.0,1,High Spender
CM00522,6.0,138.67,36.61,18.0,1.0,0,Bargain Hunter
CM00523,18.0,36.34,25.45,18.0,12.0,2,Window Shopper
CM00524,13.0,170.21,47.0,11.0,3.0,0,Bargain Hunter
CM00525,7.0,105.69,54.36,19.0,5.0,0,Bargain Hunter
CM00526,7.0,108.6,40.72,15.0,1.0,0,Bargain Hunter
CM00527,5.0,59.85,61.8,55.0,2.0,1,High Spender
CM00528,5.0,45.58,72.86,39.0,0.0,1,High Spender
CM00529,5.0,72.71,96.3,39.0,1.0,1,High Spender
CM00530,14.0,124.58,24.77,15.0,5.0,0,Bargain Hunter
CM00531,6.0,73.1,88.97,48.0,0.0,1,High Spender
CM00532,14.0,16.68,12.9,16.0,7.0,2,Window Shopper
CM00533,10.0,173.02,57.27,21.0,1.0,0,Bargain Hunter
CM00534,11.0,108.06,54.46,20.0,1.0,0,Bargain Hunter
CM00535,3.0,28.22,117.04,57.0,1.0,1,High Spender
CM00536,20.0,19.34,21.6,14.0,13.0,2,Window Shopper
CM00537,17.0,47.76,15.64,14.0,11.0,2,Window Shopper
CM00538,20.0,45.16,5.98,9.0,13.0,2,Window Shopper
CM00539,4.0,71.28,73.55,49.0,1.0,1,High Spender
CM00540,11.0,196.53,29.63,14.0,2.0,0,Bargain Hunter
CM00541,5.0,27.59,104.77,53.0,1.0,1,High Spender
CM00542,15.0,19.23,28.8,14.0,10.0,2,Window Shopper
CM00543,6.0,49.12,94.72,65.0,2.0,1,High Spender
CM00544,10.0,181.25,26.98,14.0,3.0,0,Bargain Hunter
CM00545,6.0,144.2,36.21,29.0,3.0,0,Bargain Hunter
CM00546,16.0,24.93,13.09,19.0,8.0,2,Window Shopper
CM00547,4.0,66.07,84.29,50.0,0.0,1,High Spender
CM00548,8.0,159.95,47.88,20.0,2.0,0,Bargain Hunter
CM00549,,,51.12,,0.0,0,Bargain Hunter
CM00549,,,51.12,,0.0,0,Bargain Hunter
CM00550,12.0,139.17,39.45,15.0,0.0,0,Bargain Hunter
CM00551,4.0,25.39,105.1,49.0,0.0,1,High Spender
CM00552,20.0,10.26,16.98,22.0,13.0,2,Window Shopper
CM00553,9.0,187.36,20.96,20.0,2.0,0,Bargain Hunter
CM00554,13.0,147.68,52.48,9.0,1.0,0,Bargain Hunter
CM00555,,,24.22,,0.0,2,Window Shopper
CM00555,,,24.22,,0.0,2,Window Shopper
CM00556,18.0,48.0,11.74,18.0,8.0,2,Window Shopper
CM00557,22.0,45.1,17.43,12.0,7.0,2,Window Shopper
CM00558,8.0,133.81,33.57,16.0,3.0,0,Bargain Hunter
CM00559,22.0,17.01,17.94,13.0,14.0,2,Window Shopper
CM00560,23.0,44.23,15.49,8.0,9.0,2,Window Shopper
CM00561,19.0,27.39,11.18,22.0,18.0,2,Window Shopper
CM00562,19.0,35.36,18.34,14.0,17.0,2,Window Shopper
CM00563,14.0,168.22,36.29,18.0,2.0,0,Bargain Hunter
CM00564,12.0,112.68,22.5,17.0,0.0,0,Bargain Hunter
CM00565,22.0,49.92,8.27,8.0,10.0,2,Window Shopper
CM00566,21.0,32.08,5.81,14.0,10.0,2,Window Shopper
CM00567,9.0,136.48,59.88,8.0,1.0,0,Bargain Hunter
CM00568,7.0,48.22,102.13,44.0,1.0,1,High Spender
CM00569,14.0,39.52,19.19,8.0,10.0,2,Window Shopper
CM00570,13.0,100.11,59.86,12.0,3.0,0,Bargain Hunter
CM00571,12.0,34.54,28.35,12.0,8.0,2,Window Shopper
CM00572,3.0,64.6,90.26,44.0,4.0,1,High Spender
CM00573,15.0,30.76,6.96,12.0,14.0,2,Window Shopper
CM00574,7.0,47.09,113.61,59.0,3.0,1,High Spender
CM00575,8.0,190.8,33.26,19.0,1.0,0,Bargain Hunter
CM00576,9.0,108.02,50.07,17.0,2.0,0,Bargain Hunter
CM00577,6.0,56.35,119.82,51.0,1.0,1,High Spender
CM00578,19.0,23.59,10.94,11.0,5.0,2,Window Shopper
CM00579,21.0,23.84,11.42,15.0,11.0,2,Window Shopper
CM00580,17.0,38.89,28.59,11.0,18.0,2,Window Shopper
CM00581,5.0,73.0,92.83,50.0,1.0,1,High Spender
CM00582,18.0,19.73,15.81,11.0,11.0,2,Window Shopper
CM00583,13.0,115.14,55.88,26.0,0.0,0,Bargain Hunter
CM00584,5.0,42.42,95.11,49.0,0.0,1,High Spender
CM00585,18.0,31.68,29.37,9.0,9.0,2,Window Shopper
CM00586,29.0,25.19,24.27,10.0,16.0,2,Window Shopper
CM00587,4.0,48.6,91.25,60.0,2.0,1,High Spender
CM00588,9.0,116.99,22.7,20.0,2.0,0,Bargain Hunter
CM00589,14.0,101.37,51.9,18.0,1.0,0,Bargain Hunter
CM00590,14.0,17.06,20.98,19.0,6.0,2,Window Shopper
CM00591,24.0,11.25,25.04,11.0,11.0,2,Window Shopper
CM00592,12.0,158.31,47.16,24.0,2.0,0,Bargain Hunter
CM00593,4.0,46.95,98.63,54.0,0.0,1,High Spender
CM00594,3.0,40.67,106.62,39.0,1.0,1,High Spender
CM00595,9.0,10.98,9.09,18.0,14.0,2,Window Shopper
CM00596,16.0,105.86,52.35,22.0,4.0,0,Bargain Hunter
CM00597,16.0,12.69,7.54,18.0,7.0,2,Window Shopper
CM00598,5.0,60.66,119.18,47.0,1.0,1,High Spender
CM00599,1.0,76.61,70.33,49.0,2.0,1,High Spender
CM00600,0.0,44.79,103.49,41.0,3.0,1,High Spender
CM00601,3.0,72.69,100.29,55.0,0.0,1,High Spender
CM00602,4.0,35.13,91.52,54.0,0.0,1,High Spender
CM00603,15.0,26.03,29.22,14.0,11.0,2,Window Shopper
CM00604,12.0,141.23,28.39,32.0,1.0,0,Bargain Hunter
CM00605,,,26.72,,11.0,2,Window Shopper
CM00605,,,26.72,,11.0,2,Window Shopper
CM00606,14.0,22.61,26.36,12.0,9.0,2,Window Shopper
CM00607,4.0,25.22,76.35,47.0,0.0,1,High Spender
CM00608,11.0,109.84,40.36,25.0,1.0,0,Bargain Hunter
CM00609,19.0,35.27,14.97,15.0,9.0,2,Window Shopper
CM00610,17.0,15.57,16.38,16.0,8.0,2,Window Shopper
CM00611,16.0,164.88,34.81,22.0,3.0,0,Bargain Hunter
CM00612,20.0,38.33,13.79,16.0,10.0,2,Window Shopper
CM00613,11.0,171.47,53.3,21.0,5.0,0,Bargain Hunter
CM00614,26.0,43.21,20.96,8.0,10.0,2,Window Shopper
CM00615,20.0,16.96,10.05,14.0,12.0,2,Window Shopper
CM00616,2.0,40.34,92.4,56.0,1.0,1,High Spender
CM00617,23.0,32.72,26.68,19.0,10.0,2,Window Shopper
CM00618,5.0,46.65,97.32,49.0,1.0,1,High Spender
CM00619,2.0,23.69,112.35,47.0,0.0,1,High Spender
CM00620,8.0,110.8,44.62,15.0,0.0,0,Bargain Hunter
CM00621,29.0,17.41,29.91,10.0,18.0,2,Window Shopper
CM00622,,,6.61,,11.0,2,Window Shopper
CM00622,,,6.61,,11.0,2,Window Shopper
CM00623,19.0,33.87,18.69,19.0,15.0,2,Window Shopper
CM00624,3.0,44.73,77.76,42.0,1.0,1,High Spender
CM00625,7.0,193.59,35.34,13.0,3.0,0,Bargain Hunter
CM00626,12.0,33.85,23.33,17.0,11.0,2,Window Shopper
CM00627,17.0,170.17,21.97,19.0,3.0,0,Bargain Hunter
CM00628,12.0,43.97,11.44,18.0,7.0,2,Window Shopper
CM00629,27.0,37.21,14.9,15.0,11.0,2,Window Shopper
CM00630,16.0,152.34,40.22,16.0,1.0,0,Bargain Hunter
CM00631,17.0,36.36,15.65,17.0,11.0,2,Window Shopper
CM00632,13.0,107.68,59.77,25.0,0.0,0,Bargain Hunter
CM00633,8.0,106.2,47.67,27.0,2.0,0,Bargain Hunter
CM00634,4.0,62.56,84.55,38.0,1.0,1,High Spender
CM00635,24.0,33.32,26.61,17.0,10.0,2,Window Shopper
CM00636,8.0,150.57,30.27,25.0,0.0,0,Bargain Hunter
CM00637,18.0,36.06,7.62,18.0,11.0,2,Window Shopper
CM00638,9.0,121.63,49.01,16.0,4.0,0,Bargain Hunter
CM00639,3.0,79.57,70.15,46.0,0.0,1,High Spender
CM00640,7.0,30.37,103.94,47.0,2.0,1,High Spender
CM00641,13.0,167.04,22.15,17.0,1.0,0,Bargain Hunter
CM00642,16.0,14.42,9.18,20.0,7.0,2,Window Shopper
CM00643,7.0,50.28,103.36,43.0,0.0,1,High Spender
CM00644,14.0,47.94,24.91,14.0,14.0,2,Window Shopper
CM00645,21.0,42.72,14.49,9.0,11.0,2,Window Shopper
CM00646,21.0,33.06,24.5,14.0,9.0,2,Window Shopper
CM00647,5.0,44.23,72.07,43.0,2.0,1,High Spender
CM00648,21.0,46.57,22.37,13.0,8.0,2,Window Shopper
CM00649,7.0,27.58,73.36,49.0,1.0,1,High Spender
CM00650,9.0,151.45,51.85,20.0,4.0,0,Bargain Hunter
CM00651,8.0,145.17,43.0,16.0,2.0,0,Bargain Hunter
CM00652,14.0,21.49,5.92,8.0,9.0,2,Window Shopper
CM00653,12.0,194.05,56.37,18.0,3.0,0,Bargain Hunter
CM00654,9.0,102.09,28.83,21.0,0.0,0,Bargain Hunter
CM00655,7.0,48.91,60.0,51.0,1.0,1,High Spender
CM00656,3.0,56.26,76.5,45.0,3.0,1,High Spender
CM00657,6.0,45.68,78.33,39.0,0.0,1,High Spender
CM00658,5.0,35.28,102.97,51.0,2.0,1,High Spender
CM00659,16.0,29.81,19.18,17.0,12.0,2,Window Shopper
CM00660,20.0,37.33,15.17,13.0,5.0,2,Window Shopper
CM00661,13.0,14.71,26.5,15.0,7.0,2,Window Shopper
CM00662,7.0,56.58,105.3,59.0,0.0,1,High Spender
CM00663,25.0,39.3,26.77,12.0,10.0,2,Window Shopper
CM00664,16.0,45.55,19.27,13.0,8.0,2,Window Shopper
CM00665,7.0,50.15,79.36,45.0,1.0,1,High Spender
CM00666,4.0,48.27,102.61,57.0,0.0,1,High Spender
CM00667,5.0,34.52,71.99,35.0,0.0,1,High Spender
CM00668,15.0,16.34,16.22,17.0,11.0,2,Window Shopper
CM00669,3.0,44.55,95.51,39.0,2.0,1,High Spender
CM00670,13.0,158.06,53.96,17.0,1.0,0,Bargain Hunter
CM00671,22.0,41.9,15.89,13.0,12.0,2,Window Shopper
CM00672,23.0,23.4,21.71,16.0,8.0,2,Window Shopper
CM00673,13.0,191.84,34.31,14.0,2.0,0,Bargain Hunter
CM00674,,,24.74,,13.0,2,Window Shopper
CM00674,,,24.74,,13.0,2,Window Shopper
CM00675,4.0,27.63,94.58,40.0,3.0,1,High Spender
CM00676,26.0,10.71,26.1,14.0,13.0,2,Window Shopper
CM00677,20.0,13.58,18.28,15.0,10.0,2,Window Shopper
CM00678,13.0,155.79,37.41,20.0,1.0,0,Bargain Hunter
CM00679,24.0,12.31,21.67,16.0,15.0,2,Window Shopper
CM00680,9.0,164.56,20.01,17.0,3.0,0,Bargain Hunter
CM00681,18.0,19.86,8.99,18.0,12.0,2,Window Shopper
CM00682,9.0,114.33,43.13,22.0,0.0,0,Bargain Hunter
CM00683,15.0,161.92,56.52,21.0,4.0,0,Bargain Hunter
CM00684,4.0,159.52,32.1,20.0,0.0,0,Bargain Hunter
CM00685,9.0,198.95,33.95,13.0,3.0,0,Bargain Hunter
CM00686,9.0,63.95,93.79,45.0,0.0,1,High Spender
CM00687,12.0,44.49,28.27,17.0,11.0,2,Window Shopper
CM00688,25.0,36.21,21.91,14.0,12.0,2,Window Shopper
CM00689,7.0,154.03,42.56,10.0,2.0,0,Bargain Hunter
CM00690,6.0,187.19,54.35,23.0,1.0,0,Bargain Hunter
CM00691,13.0,199.77,49.17,18.0,1.0,0,Bargain Hunter
CM00692,13.0,147.74,53.84,30.0,0.0,0,Bargain Hunter
CM00693,4.0,185.12,30.45,19.0,2.0,0,Bargain Hunter
CM00694,7.0,138.0,39.53,25.0,3.0,0,Bargain Hunter
CM00695,21.0,37.54,6.51,12.0,10.0,2,Window Shopper
CM00696,5.0,35.73,106.15,48.0,1.0,1,High Spender
CM00697,7.0,182.87,32.52,20.0,2.0,0,Bargain Hunter
CM00698,6.0,22.69,66.84,47.0,2.0,1,High Spender
CM00699,24.0,43.03,6.83,27.0,13.0,2,Window Shopper
CM00700,2.0,33.98,115.85,45.0,1.0,1,High Spender
CM00701,6.0,39.53,89.89,52.0,0.0,1,High Spender
CM00702,14.0,110.55,31.33,19.0,1.0,0,Bargain Hunter
CM00703,7.0,129.63,45.83,21.0,1.0,0,Bargain Hunter
CM00704,3.0,75.21,100.57,56.0,1.0,1,High Spender
CM00705,12.0,178.44,31.93,32.0,3.0,0,Bargain Hunter
CM00706,6.0,46.34,84.47,44.0,3.0,1,High Spender
CM00707,5.0,29.28,65.28,43.0,2.0,1,High Spender
CM00708,4.0,50.41,74.68,51.0,1.0,1,High Spender
CM00709,19.0,43.29,26.58,19.0,6.0,2,Window Shopper
CM00710,7.0,134.55,50.59,23.0,1.0,0,Bargain Hunter
CM00711,3.0,35.09,68.29,50.0,1.0,1,High Spender
CM00712,3.0,73.35,94.28,59.0,1.0,1,High Spender
CM00713,6.0,53.53,66.48,55.0,1.0,1,High Spender
CM00714,20.0,33.8,25.37,17.0,12.0,2,Window Shopper
CM00715,19.0,26.7,28.42,15.0,9.0,2,Window Shopper
CM00716,9.0,139.59,50.4,18.0,1.0,0,Bargain Hunter
CM00717,9.0,108.01,59.31,18.0,3.0,0,Bargain Hunter
CM00718,7.0,30.8,80.35,37.0,1.0,1,High Spender
CM00719,5.0,128.45,30.75,28.0,4.0,0,Bargain Hunter
CM00720,5.0,21.08,60.77,48.0,0.0,1,High Spender
CM00721,5.0,25.27,88.07,57.0,0.0,1,High Spender
CM00722,4.0,51.53,91.0,54.0,1.0,1,High Spender
CM00723,10.0,135.81,40.5,20.0,4.0,0,Bargain Hunter
CM00724,15.0,30.3,17.98,15.0,4.0,2,Window Shopper
CM00725,17.0,41.95,24.34,14.0,13.0,2,Window Shopper
CM00726,11.0,140.27,45.03,23.0,2.0,0,Bargain Hunter
CM00727,12.0,133.2,23.88,23.0,3.0,0,Bargain Hunter
CM00728,8.0,114.53,38.32,24.0,0.0,0,Bargain Hunter
CM00729,18.0,45.35,5.75,19.0,10.0,2,Window Shopper
CM00730,8.0,120.88,32.68,15.0,2.0,0,Bargain Hunter
CM00731,6.0,193.96,25.49,15.0,4.0,0,Bargain Hunter
CM00732,13.0,25.85,21.84,15.0,8.0,2,Window Shopper
CM00733,3.0,39.43,98.94,52.0,2.0,1,High Spender
CM00734,13.0,150.59,35.74,15.0,0.0,0,Bargain Hunter
CM00735,20.0,15.47,18.88,16.0,7.0,2,Window Shopper
CM00736,9.0,173.44,29.94,21.0,1.0,0,Bargain Hunter
CM00737,5.0,45.5,85.78,47.0,1.0,1,High Spender
CM00738,18.0,11.36,15.97,17.0,14.0,2,Window Shopper
CM00739,18.0,20.32,12.76,17.0,9.0,2,Window Shopper
CM00740,13.0,160.71,25.33,22.0,0.0,0,Bargain Hunter
CM00741,5.0,78.42,103.04,52.0,0.0,1,High Spender
CM00742,26.0,31.6,20.2,21.0,8.0,2,Window Shopper
CM00743,6.0,73.92,77.34,54.0,6.0,1,High Spender
CM00744,32.0,41.63,11.18,14.0,13.0,2,Window Shopper
CM00745,10.0,14.28,25.32,19.0,5.0,2,Window Shopper
CM00746,19.0,40.84,16.31,22.0,5.0,2,Window Shopper
CM00747,23.0,24.23,20.91,24.0,3.0,2,Window Shopper
CM00748,12.0,112.69,48.96,22.0,0.0,0,Bargain Hunter
CM00749,25.0,40.73,25.72,12.0,9.0,2,Window Shopper
CM00750,4.0,28.18,81.01,45.0,3.0,1,High Spender
CM00751,9.0,138.1,53.55,18.0,3.0,0,Bargain Hunter
CM00752,6.0,113.22,53.18,21.0,1.0,0,Bargain Hunter
CM00753,14.0,22.04,28.36,16.0,5.0,2,Window Shopper
CM00754,26.0,17.22,6.0,16.0,13.0,2,Window Shopper
CM00755,8.0,104.16,51.95,28.0,1.0,0,Bargain Hunter
CM00756,13.0,19.24,24.87,11.0,12.0,2,Window Shopper
CM00757,7.0,63.93,113.35,54.0,0.0,1,High Spender
CM00758,4.0,46.24,96.06,55.0,1.0,1,High Spender
CM00759,20.0,49.38,6.81,18.0,4.0,2,Window Shopper
CM00760,3.0,68.26,66.75,39.0,3.0,1,High Spender
CM00761,11.0,165.97,29.29,22.0,1.0,0,Bargain Hunter
CM00762,9.0,146.62,31.49,25.0,2.0,0,Bargain Hunter
CM00763,14.0,109.5,43.97,19.0,3.0,0,Bargain Hunter
CM00764,5.0,43.27,96.4,50.0,2.0,1,High Spender
CM00765,,,57.31,,1.0,0,Bargain Hunter
CM00765,,,57.31,,1.0,0,Bargain Hunter
CM00766,9.0,22.43,71.9,51.0,1.0,1,High Spender
CM00767,12.0,151.86,37.22,21.0,0.0,0,Bargain Hunter
CM00768,8.0,198.73,39.85,17.0,0.0,0,Bargain Hunter
CM00769,17.0,41.99,10.01,11.0,8.0,2,Window Shopper
CM00770,17.0,26.75,13.77,19.0,8.0,2,Window Shopper
CM00771,17.0,45.71,29.2,14.0,10.0,2,Window Shopper
CM00772,18.0,113.32,55.86,14.0,0.0,0,Bargain Hunter
CM00773,5.0,33.83,96.73,55.0,1.0,1,High Spender
CM00774,13.0,154.03,47.61,23.0,1.0,0,Bargain Hunter
CM00775,14.0,29.84,29.99,20.0,9.0,2,Window Shopper
CM00776,3.0,41.36,111.16,45.0,2.0,1,High Spender
CM00777,19.0,44.92,21.26,19.0,7.0,2,Window Shopper
CM00778,8.0,60.45,60.7,46.0,2.0,1,High Spender
CM00779,4.0,70.74,84.66,42.0,1.0,1,High Spender
CM00780,12.0,189.04,53.22,25.0,0.0,0,Bargain Hunter
CM00781,5.0,118.45,46.53,16.0,2.0,0,Bargain Hunter
CM00782,19.0,26.71,15.77,11.0,6.0,2,Window Shopper
CM00783,6.0,166.18,35.84,21.0,2.0,0,Bargain Hunter
CM00784,5.0,70.48,88.88,73.0,1.0,1,High Spender
CM00785,8.0,32.85,78.07,49.0,2.0,1,High Spender
CM00786,6.0,32.59,64.26,40.0,1.0,1,High Spender
CM00787,10.0,181.44,38.44,25.0,4.0,0,Bargain Hunter
CM00788,12.0,112.33,57.15,19.0,1.0,0,Bargain Hunter
CM00789,23.0,11.58,13.65,20.0,10.0,2,Window Shopper
CM00790,11.0,101.62,57.97,17.0,4.0,0,Bargain Hunter
CM00791,11.0,163.01,57.83,24.0,1.0,0,Bargain Hunter
CM00792,3.0,73.85,60.58,46.0,0.0,1,High Spender
CM00793,2.0,35.5,106.6,54.0,2.0,1,High Spender
CM00794,8.0,166.51,59.66,16.0,1.0,0,Bargain Hunter
CM00795,6.0,55.96,91.03,49.0,1.0,1,High Spender
CM00796,6.0,50.82,82.41,54.0,0.0,1,High Spender
CM00797,21.0,31.16,21.42,21.0,8.0,2,Window Shopper
CM00798,5.0,30.57,64.45,58.0,1.0,1,High Spender
CM00799,21.0,11.68,16.87,11.0,9.0,2,Window Shopper
CM00800,11.0,169.34,43.08,26.0,3.0,0,Bargain Hunter
CM00801,17.0,13.24,6.21,17.0,7.0,2,Window Shopper
CM00802,10.0,160.51,41.77,18.0,1.0,0,Bargain Hunter
CM00803,14.0,148.13,53.46,27.0,1.0,0,Bargain Hunter
CM00804,13.0,180.3,25.87,19.0,1.0,0,Bargain Hunter
CM00805,3.0,61.25,78.8,48.0,0.0,1,High Spender
CM00806,14.0,118.66,42.88,22.0,2.0,0,Bargain Hunter
CM00807,4.0,31.82,93.21,43.0,3.0,1,High Spender
CM00808,6.0,42.29,116.56,49.0,0.0,1,High Spender
CM00809,12.0,154.14,26.87,18.0,2.0,0,Bargain Hunter
CM00810,15.0,189.79,42.58,25.0,4.0,0,Bargain Hunter
CM00811,3.0,21.35,94.46,49.0,2.0,1,High Spender
CM00812,22.0,47.11,12.7,17.0,8.0,2,Window Shopper
CM00813,3.0,44.12,104.04,57.0,2.0,1,High Spender
CM00814,17.0,11.06,21.29,9.0,11.0,2,Window Shopper
CM00815,5.0,21.22,111.09,51.0,1.0,1,High Spender
CM00816,2.0,25.86,76.47,51.0,1.0,1,High Spender
CM00817,25.0,19.99,16.57,18.0,15.0,2,Window Shopper
CM00818,19.0,22.76,10.27,13.0,11.0,2,Window Shopper
CM00819,10.0,167.96,41.94,24.0,2.0,0,Bargain Hunter
CM00820,11.0,140.66,36.8,24.0,4.0,0,Bargain Hunter
CM00821,19.0,112.55,43.52,15.0,4.0,0,Bargain Hunter
CM00822,6.0,63.0,84.95,47.0,1.0,1,High Spender
CM00823,21.0,26.08,10.9,15.0,7.0,2,Window Shopper
CM00824,10.0,108.16,47.1,16.0,4.0,0,Bargain Hunter
CM00825,20.0,25.57,9.19,18.0,8.0,2,Window Shopper
CM00826,10.0,60.24,96.91,51.0,1.0,1,High Spender
CM00827,21.0,49.25,14.5,15.0,10.0,2,Window Shopper
CM00828,6.0,33.84,116.6,48.0,2.0,1,High Spender
CM00829,11.0,125.86,41.88,12.0,0.0,0,Bargain Hunter
CM00830,9.0,66.32,109.91,45.0,1.0,1,High Spender
CM00831,21.0,35.76,24.26,12.0,12.0,2,Window Shopper
CM00832,6.0,67.24,85.08,61.0,1.0,1,High Spender
CM00833,9.0,157.7,54.29,20.0,2.0,0,Bargain Hunter
CM00834,10.0,167.23,26.73,18.0,2.0,0,Bargain Hunter
CM00835,13.0,155.47,21.42,29.0,1.0,0,Bargain Hunter
CM00836,1.0,47.42,66.99,53.0,0.0,1,High Spender
CM00837,7.0,161.71,29.87,23.0,1.0,0,Bargain Hunter
CM00838,5.0,30.21,79.46,45.0,0.0,1,High Spender
CM00839,6.0,30.65,114.81,52.0,1.0,1,High Spender
CM00840,13.0,138.87,30.45,19.0,2.0,0,Bargain Hunter
CM00841,8.0,140.2,26.46,28.0,5.0,0,Bargain Hunter
CM00842,7.0,27.46,117.24,40.0,2.0,1,High Spender
CM00843,16.0,114.26,48.75,16.0,1.0,0,Bargain Hunter
CM00844,6.0,40.78,81.31,50.0,0.0,1,High Spender
CM00845,18.0,44.02,8.01,21.0,16.0,2,Window Shopper
CM00846,9.0,107.72,24.81,22.0,1.0,0,Bargain Hunter
CM00847,2.0,47.25,75.2,54.0,0.0,1,High Spender
CM00848,10.0,127.71,25.27,24.0,2.0,0,Bargain Hunter
CM00849,8.0,196.35,37.06,24.0,3.0,0,Bargain Hunter
CM00850,19.0,44.69,18.61,16.0,7.0,2,Window Shopper
CM00851,24.0,27.11,19.63,7.0,12.0,2,Window Shopper
CM00852,3.0,54.41,64.57,40.0,3.0,1,High Spender
CM00853,19.0,47.84,5.55,25.0,15.0,2,Window Shopper
CM00854,27.0,31.03,14.81,10.0,3.0,2,Window Shopper
CM00855,18.0,13.05,26.77,12.0,15.0,2,Window Shopper
CM00856,19.0,44.8,14.78,24.0,17.0,2,Window Shopper
CM00857,8.0,138.28,45.95,23.0,2.0,0,Bargain Hunter
CM00858,23.0,47.56,13.13,12.0,15.0,2,Window Shopper
CM00859,5.0,20.9,109.45,50.0,0.0,1,High Spender
CM00860,3.0,39.38,103.17,47.0,0.0,1,High Spender
CM00861,23.0,32.17,17.01,19.0,10.0,2,Window Shopper
CM00862,8.0,52.23,95.26,43.0,0.0,1,High Spender
CM00863,1.0,75.21,111.32,60.0,2.0,1,High Spender
CM00864,2.0,51.78,118.8,42.0,0.0,1,High Spender
CM00865,5.0,32.82,98.25,53.0,0.0,1,High Spender
CM00866,19.0,39.5,20.43,9.0,20.0,2,Window Shopper
CM00867,18.0,20.39,7.66,18.0,9.0,2,Window Shopper
CM00868,11.0,182.59,29.95,31.0,1.0,0,Bargain Hunter
CM00869,10.0,102.21,48.82,19.0,1.0,0,Bargain Hunter
CM00870,13.0,131.49,40.55,18.0,2.0,0,Bargain Hunter
CM00871,3.0,75.99,60.35,49.0,0.0,1,High Spender
CM00872,5.0,26.06,79.85,51.0,1.0,1,High Spender
CM00873,13.0,129.58,40.78,22.0,2.0,0,Bargain Hunter
CM00874,15.0,19.27,6.04,21.0,17.0,2,Window Shopper
CM00875,12.0,112.04,57.38,21.0,2.0,0,Bargain Hunter
CM00876,7.0,70.71,117.19,48.0,1.0,1,High Spender
CM00877,9.0,170.06,55.63,15.0,1.0,0,Bargain Hunter
CM00878,13.0,125.09,45.82,21.0,1.0,0,Bargain Hunter
CM00879,6.0,52.57,67.41,56.0,1.0,1,High Spender
CM00880,30.0,21.89,17.17,16.0,11.0,2,Window Shopper
CM00881,12.0,179.22,25.6,30.0,1.0,0,Bargain Hunter
CM00882,5.0,48.31,116.27,63.0,1.0,1,High Spender
CM00883,3.0,59.43,85.76,54.0,0.0,1,High Spender
CM00884,29.0,35.34,24.94,14.0,4.0,2,Window Shopper
CM00885,7.0,66.37,91.67,64.0,0.0,1,High Spender
CM00886,19.0,23.67,26.72,15.0,6.0,2,Window Shopper
CM00887,5.0,38.94,99.54,51.0,1.0,1,High Spender
CM00888,5.0,73.99,81.91,44.0,0.0,1,High Spender
CM00889,7.0,25.03,89.76,57.0,0.0,1,High Spender
CM00890,5.0,56.27,96.55,48.0,1.0,1,High Spender
CM00891,12.0,164.98,43.75,13.0,3.0,0,Bargain Hunter
CM00892,13.0,38.99,29.28,13.0,9.0,2,Window Shopper
CM00893,24.0,18.2,29.6,15.0,7.0,2,Window Shopper
CM00894,10.0,135.86,55.9,17.0,2.0,0,Bargain Hunter
CM00895,8.0,160.18,27.31,18.0,0.0,0,Bargain Hunter
CM00896,23.0,25.37,26.71,19.0,13.0,2,Window Shopper
CM00897,6.0,43.15,90.3,42.0,2.0,1,High Spender
CM00898,7.0,117.69,20.26,21.0,0.0,0,Bargain Hunter
CM00899,4.0,28.63,65.03,67.0,1.0,1,High Spender
CM00900,3.0,50.78,62.29,49.0,3.0,1,High Spender
CM00901,4.0,44.17,95.66,59.0,0.0,1,High Spender
CM00902,8.0,68.02,64.01,46.0,1.0,1,High Spender
CM00903,4.0,20.55,63.14,65.0,1.0,1,High Spender
CM00904,4.0,26.37,106.89,49.0,1.0,1,High Spender
CM00905,3.0,40.54,68.09,64.0,1.0,1,High Spender
CM00906,16.0,139.78,51.4,12.0,1.0,0,Bargain Hunter
CM00907,23.0,39.74,20.49,11.0,16.0,2,Window Shopper
CM00908,9.0,155.24,55.02,23.0,1.0,0,Bargain Hunter
CM00909,10.0,166.38,59.7,14.0,1.0,0,Bargain Hunter
CM00910,6.0,59.37,68.4,51.0,0.0,1,High Spender
CM00911,5.0,41.43,92.61,51.0,1.0,1,High Spender
CM00912,4.0,30.57,83.56,55.0,0.0,1,High Spender
CM00913,4.0,35.79,68.13,43.0,2.0,1,High Spender
CM00914,4.0,40.22,108.78,52.0,1.0,1,High Spender
CM00915,19.0,33.2,28.62,17.0,9.0,2,Window Shopper
CM00916,5.0,47.81,109.75,57.0,1.0,1,High Spender
CM00917,12.0,141.54,52.1,25.0,2.0,0,Bargain Hunter
CM00918,8.0,157.85,54.47,25.0,2.0,0,Bargain Hunter
CM00919,8.0,156.6,43.84,15.0,4.0,0,Bargain Hunter
CM00920,,,99.69,,1.0,1,High Spender
CM00920,,,99.69,,1.0,1,High Spender
CM00921,22.0,29.5,22.14,22.0,8.0,2,Window Shopper
CM00922,5.0,116.34,22.93,17.0,2.0,0,Bargain Hunter
CM00923,6.0,53.99,119.16,53.0,0.0,1,High Spender
CM00924,,,67.91,,0.0,1,High Spender
CM00924,,,67.91,,0.0,1,High Spender
CM00925,7.0,180.99,46.52,15.0,1.0,0,Bargain Hunter
CM00926,4.0,72.65,111.81,47.0,2.0,1,High Spender
CM00927,12.0,163.14,56.9,19.0,3.0,0,Bargain Hunter
CM00928,3.0,32.88,115.35,57.0,2.0,1,High Spender
CM00929,4.0,68.25,116.19,46.0,1.0,1,High Spender
CM00930,22.0,40.54,17.04,19.0,9.0,2,Window Shopper
CM00931,18.0,42.99,15.1,19.0,12.0,2,Window Shopper
CM00932,8.0,154.43,52.47,28.0,0.0,0,Bargain Hunter
CM00933,8.0,168.43,34.99,22.0,1.0,0,Bargain Hunter
CM00934,22.0,40.11,14.71,18.0,13.0,2,Window Shopper
CM00935,8.0,23.47,83.58,54.0,1.0,1,High Spender
CM00936,,,10.68,,16.0,2,Window Shopper
CM00936,,,10.68,,16.0,2,Window Shopper
CM00937,22.0,43.19,11.05,14.0,7.0,2,Window Shopper
CM00938,8.0,50.19,68.72,55.0,1.0,1,High Spender
CM00939,17.0,36.6,13.16,18.0,12.0,2,Window Shopper
CM00940,1.0,50.18,77.14,52.0,1.0,1,High Spender
CM00941,3.0,187.51,47.11,18.0,1.0,0,Bargain Hunter
CM00942,28.0,29.2,6.84,13.0,10.0,2,Window Shopper
CM00943,14.0,154.11,20.43,10.0,2.0,0,Bargain Hunter
CM00944,22.0,20.96,5.99,13.0,6.0,2,Window Shopper
CM00945,4.0,61.49,109.15,53.0,0.0,1,High Spender
CM00946,24.0,36.11,11.83,10.0,13.0,2,Window Shopper
CM00947,9.0,182.63,21.89,14.0,1.0,0,Bargain Hunter
CM00948,11.0,24.01,17.22,10.0,11.0,2,Window Shopper
CM00949,25.0,10.79,10.52,12.0,12.0,2,Window Shopper
CM00950,11.0,122.05,59.03,20.0,2.0,0,Bargain Hunter
CM00951,17.0,44.47,5.61,16.0,9.0,2,Window Shopper
CM00952,20.0,12.06,7.0,19.0,11.0,2,Window Shopper
CM00953,20.0,40.33,29.25,13.0,12.0,2,Window Shopper
CM00954,21.0,49.36,13.43,14.0,10.0,2,Window Shopper
CM00955,8.0,43.88,79.98,54.0,1.0,1,High Spender
CM00956,9.0,104.84,36.31,22.0,0.0,0,Bargain Hunter
CM00957,6.0,115.14,24.8,26.0,0.0,0,Bargain Hunter
CM00958,4.0,36.11,98.28,41.0,1.0,1,High Spender
CM00959,5.0,157.39,32.83,21.0,4.0,0,Bargain Hunter
CM00960,8.0,36.62,111.19,56.0,1.0,1,High Spender
CM00961,5.0,71.66,97.72,55.0,1.0,1,High Spender
CM00962,19.0,49.8,22.62,15.0,11.0,2,Window Shopper
CM00963,17.0,38.64,29.93,19.0,6.0,2,Window Shopper
CM00964,8.0,116.27,24.36,19.0,4.0,0,Bargain Hunter
CM00965,10.0,172.88,55.18,21.0,1.0,0,Bargain Hunter
CM00966,13.0,129.59,51.3,15.0,2.0,0,Bargain Hunter
CM00967,5.0,72.41,94.25,55.0,2.0,1,High Spender
CM00968,7.0,155.66,28.33,24.0,2.0,0,Bargain Hunter
CM00969,23.0,17.14,21.36,14.0,6.0,2,Window Shopper
CM00970,17.0,14.16,7.06,16.0,10.0,2,Window Shopper
CM00971,15.0,30.51,5.12,17.0,9.0,2,Window Shopper
CM00972,5.0,24.19,93.22,47.0,0.0,1,High Spender
CM00973,5.0,28.62,94.77,47.0,1.0,1,High Spender
CM00974,4.0,24.03,65.98,33.0,1.0,1,High Spender
CM00975,5.0,43.29,86.57,46.0,0.0,1,High Spender
CM00976,17.0,36.55,18.53,17.0,13.0,2,Window Shopper
CM00977,9.0,134.1,33.37,23.0,0.0,0,Bargain Hunter
CM00978,7.0,79.76,93.89,40.0,3.0,1,High Spender
CM00979,5.0,33.29,93.41,44.0,1.0,1,High Spender
CM00980,17.0,37.84,7.35,9.0,12.0,2,Window Shopper
CM00981,4.0,34.99,87.74,46.0,0.0,1,High Spender
CM00982,10.0,158.8,58.46,26.0,0.0,0,Bargain Hunter
CM00983,12.0,104.56,56.6,26.0,1.0,0,Bargain Hunter
CM00984,13.0,44.48,19.81,19.0,7.0,2,Window Shopper
CM00985,0.0,49.75,111.73,43.0,1.0,1,High Spender
CM00986,,,93.86,,2.0,1,High Spender
CM00986,,,93.86,,2.0,1,High Spender
CM00987,4.0,56.37,66.23,50.0,0.0,1,High Spender
CM00988,3.0,68.18,72.86,62.0,0.0,1,High Spender
CM00989,4.0,45.6,83.83,46.0,2.0,1,High Spender
CM00990,9.0,102.4,33.65,22.0,1.0,0,Bargain Hunter
CM00991,8.0,75.67,110.0,48.0,1.0,1,High Spender
CM00992,6.0,194.09,48.2,19.0,2.0,0,Bargain Hunter
CM00993,5.0,46.41,79.97,60.0,1.0,1,High Spender
CM00994,5.0,64.64,72.7,50.0,1.0,1,High Spender
CM00995,5.0,68.36,75.41,43.0,1.0,1,High Spender
CM00996,18.0,19.53,28.77,18.0,8.0,2,Window Shopper
CM00997,4.0,28.97,72.27,57.0,3.0,1,High Spender
CM00998,29.0,39.29,9.99,16.0,11.0,2,Window Shopper
